Country,Coverage
Aus,50.892857142857146
De,57.20238095238095
FR,50.595238095238095
ISR,52.083333333333336
IT,50.0
South Africa,50.29761904761905
